hcp_id,region,product,train_sales,train_promo,predicted_sales,sales_percentile,response_percentile,priority_score,priority_band,test_sales
356,West,Diabetes-A,278.55444444444447,3.111111111111111,169.20274403680168,0.9825,0.9575,0.97,Prioritize,235.10333333333335
252,West,Diabetes-A,251.38666666666666,3.0,171.98919501203628,0.935,0.975,0.9550000000000001,Prioritize,276.61333333333334
50,South,Oncology-B,255.10555555555553,3.111111111111111,168.645004434557,0.945,0.955,0.95,Prioritize,240.24333333333334
104,West,Diabetes-A,261.9433333333333,3.0,166.56226772474682,0.96,0.9275,0.94375,Prioritize,276.2033333333333
343,East,Immunology-A,261.7577777777778,3.4444444444444446,164.0072239725349,0.9575,0.9,0.92875,Prioritize,230.95000000000002
226,South,Oncology-B,221.76333333333332,3.3333333333333335,175.76224643594344,0.8675,0.985,0.92625,Prioritize,176.87
192,West,Diabetes-A,241.50111111111113,3.111111111111111,166.7816718506673,0.91,0.9325,0.92125,Prioritize,255.81000000000003
32,West,Diabetes-A,274.37333333333333,2.4444444444444446,161.7127174789906,0.9725,0.83,0.90125,Prioritize,249.24333333333334
88,West,Diabetes-A,199.70777777777778,3.111111111111111,175.36877382727928,0.795,0.9825,0.88875,Prioritize,202.69000000000003
250,South,Oncology-B,204.16666666666666,3.3333333333333335,170.15756822374203,0.8075,0.965,0.88625,Prioritize,204.39000000000001
253,North,Oncology-A,253.0266666666667,2.7777777777777777,161.78358738366546,0.94,0.8325,0.88625,Prioritize,282.2233333333333
20,West,Diabetes-A,241.01666666666668,2.7777777777777777,163.02652935205938,0.9075,0.8625,0.885,Prioritize,246.93666666666664
42,South,Oncology-B,246.80555555555554,2.3333333333333335,161.90114390739123,0.9275,0.835,0.88125,Prioritize,271.43666666666667
340,West,Diabetes-A,197.84444444444443,3.3333333333333335,175.2690344939059,0.7825,0.98,0.88125,Prioritize,177.53666666666666
70,South,Oncology-B,292.56444444444446,2.5555555555555554,158.72588291247493,0.99,0.7625,0.87625,Prioritize,298.06333333333333
330,South,Oncology-B,214.4377777777778,2.7777777777777777,163.7814931902469,0.8575,0.8875,0.8725,Prioritize,222.93999999999997
316,West,Diabetes-A,257.8855555555556,2.5555555555555554,159.87052932343553,0.95,0.79,0.87,Prioritize,255.53
293,North,Oncology-A,231.33777777777777,2.7777777777777777,162.30887229397655,0.89,0.8475,0.86875,Prioritize,238.57000000000002
173,North,Oncology-A,238.43444444444444,2.888888888888889,161.38460870214246,0.9,0.8225,0.8612500000000001,Prioritize,253.03666666666666
212,West,Diabetes-A,198.56888888888886,2.6666666666666665,165.4060246405806,0.79,0.9225,0.85625,Prioritize,184.16333333333333
100,West,Diabetes-A,243.4022222222222,2.4444444444444446,159.9231609007146,0.915,0.7925,0.85375,Prioritize,255.77666666666664
193,North,Oncology-A,202.91666666666666,3.111111111111111,164.2732750875829,0.805,0.9025,0.85375,Prioritize,180.49666666666667
393,North,Oncology-A,260.56,2.7777777777777777,158.29501244163464,0.955,0.7475,0.8512500000000001,Prioritize,237.49666666666667
297,North,Oncology-A,299.12888888888887,2.4444444444444446,155.841275660148,0.995,0.705,0.85,Prioritize,292.93333333333334
108,West,Diabetes-A,187.32444444444445,3.111111111111111,169.41153517152523,0.735,0.9625,0.84875,Prioritize,194.72
13,North,Oncology-A,237.81555555555556,2.7777777777777777,159.2018129534277,0.8975,0.78,0.83875,Prioritize,163.00666666666666
346,South,Oncology-B,187.80555555555554,3.0,166.76023976315315,0.7375,0.93,0.83375,Prioritize,200.29333333333332
168,West,Diabetes-A,174.70555555555555,3.111111111111111,172.75970575099632,0.6875,0.9775,0.8325,Prioritize,152.77666666666667
268,West,Diabetes-A,213.63666666666666,2.4444444444444446,160.64521472309417,0.85,0.81,0.8300000000000001,Prioritize,206.59
29,North,Oncology-A,250.4188888888889,2.6666666666666665,156.50950108082324,0.9325,0.725,0.82875,Prioritize,259.6433333333333
341,North,Oncology-A,267.18888888888887,2.5555555555555554,155.48663930547875,0.965,0.685,0.825,Prioritize,229.96666666666667
256,West,Diabetes-A,243.3066666666667,2.2222222222222223,157.53030782058892,0.9125,0.7375,0.825,Prioritize,235.09333333333333
158,South,Oncology-B,169.08666666666667,3.6666666666666665,180.93710925215333,0.6525,0.995,0.82375,Prioritize,156.49666666666667
90,South,Oncology-B,217.64777777777778,2.4444444444444446,159.25202176536416,0.8625,0.7825,0.8225,Prioritize,214.28666666666666
132,West,Diabetes-A,183.33333333333334,2.6666666666666665,165.38198019527053,0.7225,0.92,0.82125,Prioritize,200.21
166,South,Oncology-B,220.86777777777777,2.5555555555555554,159.12266993734704,0.865,0.7775,0.82125,Prioritize,208.23000000000002
87,East,Immunology-A,193.3322222222222,3.2222222222222223,163.78152343734382,0.7525,0.89,0.82125,Prioritize,202.70666666666668
368,West,Diabetes-A,174.06777777777776,3.0,169.33578460889962,0.68,0.96,0.8200000000000001,Prioritize,182.40333333333334
129,North,Oncology-A,246.80222222222224,2.4444444444444446,155.77300463351847,0.925,0.7025,0.81375,Prioritize,272.22
74,South,Oncology-B,190.11333333333334,2.888888888888889,163.49333212107902,0.745,0.88,0.8125,Prioritize,173.0566666666667
366,South,Oncology-B,316.1066666666667,2.2222222222222223,153.7016694240614,1.0,0.6125,0.80625,Prioritize,307.2033333333333
134,South,Oncology-B,273.6011111111111,2.3333333333333335,154.36638900881982,0.97,0.64,0.8049999999999999,Prioritize,272.55
380,West,Diabetes-A,171.52666666666667,3.0,167.03946374443777,0.665,0.9375,0.80125,Prioritize,171.82666666666668
350,South,Oncology-B,177.45111111111112,2.888888888888889,163.90214136860618,0.6975,0.8925,0.7949999999999999,Prioritize,161.36
264,West,Diabetes-A,175.13888888888889,2.7777777777777777,163.91628118304388,0.6925,0.895,0.79375,Prioritize,153.6966666666667
164,West,Diabetes-A,182.6222222222222,2.6666666666666665,163.24183247978988,0.715,0.87,0.7925,Prioritize,188.67333333333332
220,West,Diabetes-A,282.1022222222222,2.111111111111111,152.91038603715683,0.9875,0.585,0.78625,Prioritize,326.50333333333333
376,West,Diabetes-A,207.2188888888889,2.6666666666666665,158.3895588878187,0.82,0.7525,0.7862499999999999,Prioritize,207.93666666666664
354,South,Oncology-B,156.41444444444446,3.888888888888889,185.37701215062728,0.5625,1.0,0.78125,Prioritize,126.18333333333334
64,West,Diabetes-A,156.42555555555555,3.111111111111111,175.86676509154518,0.565,0.99,0.7775,Prioritize,164.29
360,West,Diabetes-A,172.33333333333334,2.7777777777777777,163.71437006728763,0.67,0.8825,0.77625,Prioritize,184.35
122,South,Oncology-B,182.14999999999998,2.5555555555555554,162.0329603658274,0.71,0.8375,0.7737499999999999,Prioritize,172.20333333333335
352,West,Diabetes-A,260.3755555555556,2.111111111111111,152.97049715043195,0.9525,0.5875,0.77,Prioritize,243.49333333333334
239,East,Immunology-A,276.84555555555556,2.4444444444444446,152.41990163356763,0.9775,0.5575,0.7675000000000001,Prioritize,242.33666666666667
48,West,Diabetes-A,155.6522222222222,3.2222222222222223,171.76095779322398,0.56,0.9725,0.7662500000000001,Prioritize,174.78666666666666
364,West,Diabetes-A,310.6588888888889,2.2222222222222223,151.83497564833203,0.9975,0.535,0.7662500000000001,Prioritize,298.5133333333333
222,South,Oncology-B,173.81333333333333,2.6666666666666665,162.72686659958364,0.6775,0.8525,0.765,Prioritize,158.26333333333332
372,West,Diabetes-A,200.28,2.4444444444444446,157.16541280298327,0.7975,0.73,0.7637499999999999,Prioritize,174.36333333333334
276,West,Diabetes-A,183.95,2.4444444444444446,159.9592275686797,0.73,0.795,0.7625,Prioritize,144.20666666666668
26,South,Oncology-B,158.16444444444446,3.111111111111111,167.52941278804045,0.5825,0.9425,0.7625,Prioritize,185.40333333333334
55,East,Immunology-A,206.47444444444443,2.6666666666666665,156.11338186621455,0.815,0.7075,0.76125,Prioritize,230.37666666666667
231,East,Immunology-A,249.25777777777773,2.5555555555555554,152.79978086727863,0.93,0.575,0.7525,Prioritize,244.86666666666667
300,West,Diabetes-A,158.47333333333333,2.7777777777777777,165.26096184582764,0.5875,0.915,0.75125,Prioritize,160.39666666666668
144,West,Diabetes-A,210.57,2.4444444444444446,155.24233188111475,0.8375,0.6625,0.75,Prioritize,237.62333333333333
68,West,Diabetes-A,208.09666666666666,2.2222222222222223,155.338822013753,0.8225,0.6775,0.75,Prioritize,210.03333333333333
181,North,Oncology-A,165.04555555555555,2.888888888888889,163.01021383557995,0.6375,0.86,0.74875,Prioritize,159.87666666666667
224,West,Diabetes-A,157.32222222222222,2.6666666666666665,164.46690402458887,0.5775,0.9075,0.7424999999999999,Prioritize,142.77666666666667
27,East,Immunology-A,191.59666666666666,3.0,157.47008636095975,0.7475,0.735,0.74125,Prioritize,149.66666666666666
278,South,Oncology-B,184.8,2.5555555555555554,158.38356743415892,0.7325,0.75,0.74125,Prioritize,186.64666666666668
247,East,Immunology-A,153.20444444444445,3.6666666666666665,167.8019084445756,0.5375,0.945,0.74125,Prioritize,123.76333333333332
382,South,Oncology-B,172.05666666666667,2.3333333333333335,160.82161892883974,0.6675,0.8125,0.74,Prioritize,153.01333333333335
16,West,Diabetes-A,146.6677777777778,3.111111111111111,171.15814506286887,0.5075,0.9675,0.7375,Prioritize,179.67333333333332
162,South,Oncology-B,151.44444444444446,3.0,167.99230707245363,0.5275,0.9475,0.7375,Prioritize,87.05333333333333
392,West,Diabetes-A,162.94222222222223,2.6666666666666665,162.18260538278207,0.6275,0.845,0.73625,Prioritize,125.78000000000002
30,South,Oncology-B,154.62444444444444,2.6666666666666665,164.66196974410715,0.55,0.91,0.73,Prioritize,143.05666666666667
374,South,Oncology-B,148.1288888888889,2.888888888888889,166.88444938748248,0.5175,0.935,0.7262500000000001,Prioritize,112.15333333333335
373,North,Oncology-A,162.63888888888889,3.0,161.41148794895514,0.6225,0.8275,0.7250000000000001,Prioritize,200.60666666666665
62,South,Oncology-B,178.76222222222222,2.5555555555555554,157.82921162038429,0.7025,0.745,0.72375,Prioritize,189.1933333333333
139,East,Immunology-A,197.50666666666666,2.7777777777777777,155.2580603354242,0.78,0.665,0.7225,Prioritize,243.35666666666665
292,West,Diabetes-A,193.42666666666668,2.2222222222222223,155.41045798665195,0.755,0.6825,0.71875,Prioritize,189.11333333333334
248,West,Diabetes-A,172.40333333333334,2.5555555555555554,158.56694178677037,0.6725,0.7575,0.715,Prioritize,161.76333333333335
381,North,Oncology-A,209.10333333333335,2.5555555555555554,153.2915226804107,0.825,0.6025,0.71375,Prioritize,138.28
208,West,Diabetes-A,158.17777777777778,2.7777777777777777,162.1215824010801,0.585,0.84,0.7124999999999999,Prioritize,132.70666666666668
254,South,Oncology-B,131.5677777777778,3.5555555555555554,178.11322396475774,0.43,0.9925,0.71125,Prioritize,129.92333333333332
218,South,Oncology-B,295.6722222222222,2.0,149.06174841278386,0.9925,0.425,0.70875,Prioritize,323.90333333333336
370,South,Oncology-B,154.08777777777777,2.6666666666666665,163.1286800826093,0.545,0.8675,0.70625,Prioritize,123.49333333333334
172,West,Diabetes-A,159.3188888888889,2.4444444444444446,161.21159275952385,0.59,0.8175,0.70375,Prioritize,140.9
282,South,Oncology-B,201.0977777777778,2.111111111111111,153.29696331984755,0.8025,0.605,0.70375,Prioritize,196.38666666666666
342,South,Oncology-B,152.43111111111114,2.7777777777777777,163.3094393742437,0.53,0.8725,0.70125,Prioritize,102.81666666666666
120,West,Diabetes-A,174.48999999999998,2.3333333333333335,156.4428752091091,0.6825,0.72,0.7012499999999999,Prioritize,199.40666666666667
317,North,Oncology-A,193.6288888888889,2.5555555555555554,154.23802067840097,0.7575,0.63,0.69375,Prioritize,196.70000000000002
33,North,Oncology-A,162.79555555555555,2.888888888888889,158.59906959533467,0.625,0.76,0.6925,Prioritize,193.96333333333334
137,North,Oncology-A,146.3,3.111111111111111,163.36832813660362,0.505,0.8775,0.6912499999999999,Prioritize,140.08
322,South,Oncology-B,197.26555555555558,2.2222222222222223,153.56489587973383,0.7725,0.61,0.6912499999999999,Prioritize,177.36
338,South,Oncology-B,161.6833333333333,2.4444444444444446,158.75403050109827,0.6125,0.7675,0.69,Prioritize,190.96666666666667
221,North,Oncology-A,210.4811111111111,2.2222222222222223,152.06610664445822,0.835,0.5425,0.68875,Prioritize,206.97
163,East,Immunology-A,278.1411111111111,2.4444444444444446,148.2845396602883,0.98,0.395,0.6875,Prioritize,279.55333333333334
261,North,Oncology-A,157.0977777777778,3.0,160.34398519305873,0.57,0.805,0.6875,Prioritize,151.28
333,North,Oncology-A,173.5711111111111,2.6666666666666665,155.65906511853896,0.675,0.6975,0.68625,Prioritize,189.59
63,East,Immunology-A,213.69333333333333,2.7777777777777777,151.56069425866986,0.8525,0.5125,0.6825,Prioritize,199.5566666666667
114,South,Oncology-B,132.6988888888889,3.0,166.51398632054313,0.4375,0.925,0.68125,Prioritize,125.47333333333334
82,South,Oncology-B,162.95555555555555,2.4444444444444446,156.25444232309772,0.63,0.715,0.6725,Prioritize,182.99666666666667
365,North,Oncology-A,123.97555555555556,3.4444444444444446,171.5159251470304,0.3725,0.97,0.67125,Prioritize,123.57333333333334
103,East,Immunology-A,164.07333333333332,3.0,156.14570357971968,0.6325,0.71,0.6712499999999999,Prioritize,141.78
124,West,Diabetes-A,153.39,2.4444444444444446,160.25156115342293,0.54,0.8,0.67,Prioritize,188.80333333333337
394,South,Oncology-B,210.19,2.111111111111111,151.22508663099643,0.8325,0.4975,0.665,Prioritize,191.37
326,South,Oncology-B,222.52777777777777,2.111111111111111,149.92837911329855,0.87,0.46,0.665,Prioritize,202.59666666666666
126,South,Oncology-B,212.14222222222222,2.111111111111111,150.46193968249824,0.8425,0.48,0.66125,Prioritize,201.31333333333336
397,North,Oncology-A,239.43444444444444,2.2222222222222223,148.80711808172586,0.9025,0.415,0.65875,Prioritize,221.67333333333332
95,East,Immunology-A,194.1877777777778,2.6666666666666665,152.26911302543022,0.7625,0.55,0.65625,Prioritize,227.81000000000003
389,North,Oncology-A,160.46222222222224,2.7777777777777777,155.68594436535167,0.605,0.7,0.6525,Prioritize,153.94
358,South,Oncology-B,244.36666666666667,1.8888888888888888,148.13875316276042,0.9175,0.3875,0.6525,Prioritize,245.92999999999998
251,East,Immunology-A,131.3722222222222,3.2222222222222223,163.3126030765415,0.4275,0.875,0.65125,Prioritize,124.34333333333332
214,South,Oncology-B,114.96555555555557,3.4444444444444446,175.86259673275904,0.31,0.9875,0.64875,Prioritize,108.94
153,North,Oncology-A,149.22333333333333,2.888888888888889,158.8590830758792,0.525,0.7725,0.6487499999999999,Prioritize,137.54999999999998
244,West,Diabetes-A,170.86777777777777,2.2222222222222223,154.3517282526754,0.66,0.635,0.6475,Prioritize,187.84
184,West,Diabetes-A,166.93333333333334,2.2222222222222223,154.59608869233276,0.645,0.645,0.645,Prioritize,181.35666666666665
191,East,Immunology-A,265.18111111111114,2.3333333333333335,146.68148188473094,0.9625,0.3175,0.64,Prioritize,293.37
196,West,Diabetes-A,111.63111111111112,3.888888888888889,184.07044047577622,0.2825,0.9975,0.64,Prioritize,100.73333333333333
230,South,Oncology-B,229.58555555555554,1.8888888888888888,148.25662446546573,0.885,0.39,0.6375,Prioritize,219.70666666666668
189,North,Oncology-A,195.81333333333333,2.4444444444444446,151.3415625117295,0.7675,0.505,0.63625,Prioritize,179.75333333333333
1,North,Oncology-A,183.89888888888888,2.3333333333333335,151.83985242969365,0.7275,0.5375,0.6325000000000001,Prioritize,190.55666666666664
305,North,Oncology-A,165.9377777777778,2.5555555555555554,154.0051850983674,0.6425,0.62,0.63125,Prioritize,152.09333333333333
140,West,Diabetes-A,125.23666666666665,2.888888888888889,163.04088890702275,0.39,0.865,0.6275,Prioritize,102.58333333333333
294,South,Oncology-B,136.73222222222222,2.6666666666666665,159.67617180854356,0.465,0.7875,0.62625,Prioritize,123.20666666666666
284,West,Diabetes-A,134.26222222222225,2.7777777777777777,160.25486602872036,0.4475,0.8025,0.625,Prioritize,89.15666666666668
146,South,Oncology-B,240.2088888888889,2.0,147.09946736774938,0.905,0.3425,0.62375,Prioritize,268.05
384,West,Diabetes-A,159.89111111111112,2.2222222222222223,154.53972414282396,0.6025,0.6425,0.6225,Prioritize,140.56666666666666
355,East,Immunology-A,236.9377777777778,2.3333333333333335,147.2547399401279,0.895,0.35,0.6225,Prioritize,242.08666666666667
67,East,Immunology-A,112.57666666666667,3.6666666666666665,168.03099746084277,0.295,0.95,0.6224999999999999,Prioritize,63.21333333333333
312,West,Diabetes-A,268.2944444444445,1.7777777777777777,145.23566846449458,0.9675,0.27,0.61875,Prioritize,272.88
22,South,Oncology-B,124.97444444444444,2.6666666666666665,162.50605324220507,0.3825,0.85,0.61625,Prioritize,140.47
46,South,Oncology-B,109.59444444444445,3.0,168.44534290130025,0.2725,0.9525,0.6125,Prioritize,78.60333333333332
369,North,Oncology-A,171.0388888888889,2.5555555555555554,152.4517133008601,0.6625,0.56,0.6112500000000001,Prioritize,181.66666666666666
310,South,Oncology-B,206.14444444444445,1.8888888888888888,148.6329978632599,0.8125,0.405,0.60875,Develop,225.10666666666668
151,East,Immunology-A,117.65555555555557,3.2222222222222223,163.75747899203375,0.3275,0.885,0.60625,Develop,118.77666666666666
237,North,Oncology-A,183.17777777777778,2.3333333333333335,150.82871422330595,0.72,0.4875,0.60375,Develop,166.75
185,North,Oncology-A,119.83999999999999,2.888888888888889,162.74131158758127,0.3525,0.855,0.60375,Develop,123.76666666666665
304,West,Diabetes-A,148.82222222222222,2.2222222222222223,155.33519119552088,0.5225,0.675,0.59875,Develop,133.07333333333335
80,West,Diabetes-A,137.23444444444442,2.2222222222222223,156.59118720459716,0.4675,0.7275,0.5975,Develop,105.38333333333333
123,East,Immunology-A,194.82333333333332,2.3333333333333335,149.06973660363533,0.765,0.4275,0.59625,Develop,196.26333333333332
272,West,Diabetes-A,254.85000000000002,1.8888888888888888,144.6817964222145,0.9425,0.2475,0.595,Develop,238.29999999999998
149,North,Oncology-A,252.55555555555554,2.0,144.53395780177013,0.9375,0.235,0.5862499999999999,Develop,259.24666666666667
281,North,Oncology-A,147.8711111111111,2.6666666666666665,155.11673152741935,0.515,0.655,0.585,Develop,142.86666666666667
306,South,Oncology-B,134.63777777777779,2.4444444444444446,156.35375355953883,0.4525,0.7175,0.585,Develop,150.38
169,North,Oncology-A,197.43666666666667,2.111111111111111,147.73114095760772,0.7775,0.3775,0.5775,Develop,176.74
188,West,Diabetes-A,244.91555555555553,1.8888888888888888,144.5210941781111,0.92,0.2325,0.57625,Develop,261.82666666666665
313,North,Oncology-A,176.91444444444446,2.2222222222222223,149.8455499341587,0.695,0.4575,0.5762499999999999,Develop,189.99666666666667
51,East,Immunology-A,153.9911111111111,2.7777777777777777,153.21850375077182,0.5425,0.5975,0.5700000000000001,Develop,111.09333333333335
200,West,Diabetes-A,136.46555555555557,2.2222222222222223,155.31477756844296,0.4625,0.6725,0.5675,Develop,107.61666666666667
12,West,Diabetes-A,155.32888888888888,2.111111111111111,152.80604834256215,0.555,0.5775,0.56625,Develop,152.6
270,South,Oncology-B,206.76666666666665,2.0,146.46107174092379,0.8175,0.31,0.56375,Develop,185.30666666666664
362,South,Oncology-B,102.08111111111111,3.0,165.35405234717282,0.21,0.9175,0.56375,Develop,48.17666666666667
101,North,Oncology-A,213.98444444444445,2.2222222222222223,145.24138334561133,0.855,0.2725,0.56375,Develop,212.56333333333336
177,North,Oncology-A,230.56111111111113,2.0,144.5408378207374,0.8875,0.2375,0.5625,Develop,189.14666666666668
138,South,Oncology-B,159.69222222222223,2.3333333333333335,151.6529832379422,0.5975,0.52375,0.560625,Develop,161.92333333333332
217,North,Oncology-A,148.18555555555557,2.5555555555555554,153.0624336641435,0.52,0.5925,0.55625,Develop,130.77333333333334
93,North,Oncology-A,147.69555555555556,2.2222222222222223,153.23806284048354,0.51,0.6,0.5549999999999999,Develop,174.28
148,West,Diabetes-A,159.72666666666666,2.2222222222222223,151.44143782419505,0.6,0.51,0.5549999999999999,Develop,168.35333333333332
125,North,Oncology-A,107.0411111111111,3.3333333333333335,162.95003281422586,0.25,0.8575,0.55375,Develop,87.53000000000002
262,South,Oncology-B,196.14111111111112,1.5555555555555556,147.08019489053444,0.77,0.3375,0.55375,Develop,218.77
288,West,Diabetes-A,94.91666666666667,2.888888888888889,167.38129545125923,0.1675,0.94,0.55375,Develop,68.43666666666667
321,North,Oncology-A,120.35222222222222,2.888888888888889,157.59481140791425,0.3575,0.74,0.54875,Develop,120.49666666666667
10,South,Oncology-B,135.3422222222222,2.2222222222222223,154.35522072874295,0.46,0.6375,0.54875,Develop,147.88666666666668
53,North,Oncology-A,125.91444444444444,2.5555555555555554,155.5397546542524,0.3975,0.69,0.54375,Develop,136.24666666666667
308,West,Diabetes-A,177.97222222222223,1.7777777777777777,148.09272779866706,0.7,0.385,0.5425,Develop,209.29
110,South,Oncology-B,174.95333333333332,1.7777777777777777,148.26435842701116,0.69,0.3925,0.54125,Develop,159.15333333333334
336,West,Diabetes-A,97.07666666666665,2.6666666666666665,163.92082386970282,0.1825,0.8975,0.54,Develop,67.32666666666667
318,South,Oncology-B,154.9011111111111,2.111111111111111,151.67873556840857,0.5525,0.5275,0.54,Develop,200.49666666666667
345,North,Oncology-A,182.44111111111113,2.2222222222222223,147.60234441847055,0.7125,0.365,0.5387500000000001,Develop,204.12333333333333
77,North,Oncology-A,183.75555555555556,2.2222222222222223,147.24162406156353,0.725,0.3475,0.53625,Develop,242.63
383,East,Immunology-A,114.0977777777778,3.2222222222222223,158.80774772443525,0.3025,0.77,0.53625,Develop,79.27666666666666
210,South,Oncology-B,154.33,2.3333333333333335,151.6529832379422,0.5475,0.52375,0.535625,Develop,160.78
286,South,Oncology-B,164.88111111111112,2.0,149.15417963025772,0.635,0.43,0.5325,Develop,205.0666666666667
98,South,Oncology-B,102.60111111111111,2.4444444444444446,162.17746787170043,0.2225,0.8425,0.5325,Develop,58.70666666666667
242,South,Oncology-B,157.53222222222223,2.0,150.46654018884277,0.58,0.4825,0.53125,Develop,138.87666666666667
102,South,Oncology-B,123.07333333333332,2.3333333333333335,155.60673197700896,0.365,0.695,0.53,Develop,146.3033333333333
155,East,Immunology-A,189.7188888888889,2.111111111111111,146.46266136850716,0.7425,0.3125,0.5275000000000001,Develop,161.13666666666668
85,North,Oncology-A,182.79333333333332,2.2222222222222223,146.88728636059247,0.7175,0.33,0.52375,Develop,176.42666666666665
127,East,Immunology-A,275.2088888888889,1.6666666666666667,138.33235447322753,0.975,0.0725,0.5237499999999999,Develop,324.59999999999997
11,East,Immunology-A,140.07888888888888,2.5555555555555554,152.33410970721147,0.485,0.555,0.52,Develop,181.75333333333333
348,West,Diabetes-A,197.28222222222223,2.0,145.1460583508236,0.775,0.2625,0.51875,Develop,233.47
190,South,Oncology-B,84.28777777777778,2.888888888888889,164.72528368484527,0.1225,0.9125,0.5175,Develop,89.30333333333333
147,East,Immunology-A,228.98777777777775,2.111111111111111,141.63443222184608,0.8825,0.15,0.51625,Develop,282.5466666666667
17,North,Oncology-A,102.22555555555556,2.7777777777777777,161.27732046051094,0.2125,0.82,0.51625,Develop,87.97666666666667
56,West,Diabetes-A,135.3122222222222,2.2222222222222223,152.5893495749103,0.4575,0.5725,0.515,Develop,116.12333333333333
299,East,Immunology-A,256.8288888888889,1.8888888888888888,138.7465482615984,0.9475,0.0825,0.515,Develop,256.23333333333335
302,South,Oncology-B,198.33777777777777,1.8888888888888888,144.62613377541953,0.7875,0.2425,0.515,Develop,228.78333333333333
228,West,Diabetes-A,126.16111111111111,2.2222222222222223,154.12577269160906,0.4025,0.625,0.51375,Develop,128.67666666666665
66,South,Oncology-B,168.25666666666666,1.7777777777777777,147.66566028638275,0.65,0.36875,0.509375,Develop,144.4466666666667
390,South,Oncology-B,100.69,2.6666666666666665,161.00055458978363,0.2025,0.815,0.50875,Develop,114.69
152,West,Diabetes-A,126.11777777777777,2.3333333333333335,153.80473622936256,0.4,0.615,0.5075000000000001,Develop,101.80666666666667
203,East,Immunology-A,280.7966666666667,1.5555555555555556,134.34792199773304,0.985,0.025,0.505,Develop,264.2733333333333
213,North,Oncology-A,210.89999999999998,1.8888888888888888,142.71237977299364,0.84,0.17,0.505,Develop,221.5533333333333
167,East,Immunology-A,222.82777777777778,1.8888888888888888,141.447931809821,0.8725,0.1375,0.505,Develop,235.67999999999998
371,East,Immunology-A,108.33333333333333,3.111111111111111,157.72846347373334,0.26,0.7425,0.50125,Develop,52.076666666666675
331,East,Immunology-A,224.20555555555555,1.8888888888888888,140.27597561379565,0.875,0.1225,0.49875,Develop,243.89333333333335
298,South,Oncology-B,141.08555555555554,2.111111111111111,151.43387776571996,0.49,0.5075,0.49874999999999997,Develop,116.5
243,East,Immunology-A,133.2111111111111,2.6666666666666665,152.325477574939,0.4425,0.5525,0.4975,Develop,95.78333333333335
301,North,Oncology-A,209.56777777777776,1.7777777777777777,142.05398491832258,0.83,0.1625,0.49624999999999997,Develop,180.83666666666667
160,West,Diabetes-A,117.94333333333333,2.3333333333333335,154.65656783156822,0.3375,0.6475,0.4925,Develop,130.41666666666666
18,South,Oncology-B,109.22555555555556,2.5555555555555554,156.18845080909088,0.27,0.7125,0.49125,Develop,123.64333333333333
179,East,Immunology-A,227.7711111111111,1.8888888888888888,139.33322417957177,0.8775,0.0975,0.4875,Develop,249.5633333333333
280,West,Diabetes-A,100.36777777777777,2.5555555555555554,159.06304004808362,0.1975,0.775,0.48625,Develop,90.52
92,West,Diabetes-A,95.25888888888888,2.6666666666666665,160.14819100181742,0.1725,0.7975,0.485,Develop,106.43
39,East,Immunology-A,144.46333333333334,2.5555555555555554,150.0262639831259,0.5,0.4675,0.48375,Develop,135.59333333333333
186,South,Oncology-B,89.69555555555556,2.7777777777777777,161.39323847134247,0.14,0.825,0.4825,Develop,81.94
170,South,Oncology-B,117.92555555555555,2.4444444444444446,154.23390372560183,0.3325,0.6275,0.48,Develop,101.57000000000001
154,South,Oncology-B,189.50555555555556,1.7777777777777777,143.87586299215454,0.74,0.215,0.4775,Develop,192.05333333333337
99,East,Immunology-A,161.62888888888887,2.3333333333333335,147.14665568176687,0.61,0.345,0.4775,Develop,165.42333333333332
314,South,Oncology-B,199.25222222222223,1.6666666666666667,142.04606723033805,0.7925,0.16,0.47625,Develop,213.46
145,North,Oncology-A,234.59888888888887,1.5555555555555556,137.52444197605448,0.8925,0.06,0.47624999999999995,Develop,228.21
31,East,Immunology-A,112.19888888888889,2.888888888888889,155.22035729968815,0.2875,0.66,0.47375,Develop,111.09333333333332
388,West,Diabetes-A,69.91555555555556,2.888888888888889,164.3204319983778,0.0425,0.905,0.47375,Develop,60.06333333333333
334,South,Oncology-B,107.14444444444445,2.3333333333333335,155.55550963118796,0.2525,0.6925,0.47250000000000003,Develop,107.16333333333334
328,West,Diabetes-A,109.63888888888889,2.3333333333333335,155.28619043647393,0.275,0.67,0.47250000000000003,Develop,126.55
335,East,Immunology-A,245.15666666666664,1.3333333333333333,132.80471870026915,0.9225,0.0175,0.47,Develop,321.84666666666664
69,North,Oncology-A,157.10333333333335,2.111111111111111,147.46598527337542,0.5725,0.3625,0.4675,Develop,174.67999999999998
395,East,Immunology-A,205.7411111111111,1.5555555555555556,140.2556761229456,0.81,0.12,0.465,Develop,212.28666666666666
54,South,Oncology-B,138.90666666666667,2.0,149.43135753714506,0.475,0.4475,0.46125,Develop,151.87
255,East,Immunology-A,113.25444444444445,2.7777777777777777,154.06530889482394,0.2975,0.6225,0.46,Develop,93.28000000000002
204,West,Diabetes-A,133.95111111111112,2.111111111111111,150.3937491783477,0.445,0.475,0.45999999999999996,Develop,150.73666666666668
89,North,Oncology-A,194.04444444444445,2.0,142.01217873927325,0.76,0.1575,0.45875,Develop,178.3033333333333
58,South,Oncology-B,200.5388888888889,1.5555555555555556,140.06059568257172,0.8,0.115,0.4575,Develop,206.16
396,West,Diabetes-A,117.00333333333333,2.111111111111111,153.00281725463066,0.3225,0.59,0.45625,Develop,168.53333333333333
107,East,Immunology-A,228.54666666666668,1.5555555555555556,135.37947383119865,0.88,0.0325,0.45625,Develop,265.2833333333333
178,South,Oncology-B,145.51777777777778,2.0,148.76566826427424,0.5025,0.41,0.45624999999999993,Develop,135.35666666666665
65,North,Oncology-A,117.74111111111112,2.5555555555555554,152.87757122919578,0.33,0.58,0.45499999999999996,Develop,126.16000000000001
303,East,Immunology-A,80.12888888888888,3.0,160.34431012147505,0.1,0.8075,0.45375,Develop,41.47666666666667
40,West,Diabetes-A,106.10333333333334,2.3333333333333335,155.26728819485163,0.2375,0.6675,0.4525,Develop,81.84333333333333
198,South,Oncology-B,170.07555555555555,1.7777777777777777,144.67133004485143,0.6575,0.245,0.45125,Develop,198.53666666666666
119,East,Immunology-A,212.16333333333333,1.4444444444444444,137.34713780777042,0.845,0.0575,0.45125,Develop,213.6933333333333
249,North,Oncology-A,132.3488888888889,2.3333333333333335,150.009202725299,0.435,0.465,0.45,Develop,117.72000000000001
49,North,Oncology-A,180.69666666666666,2.111111111111111,143.14776961363526,0.705,0.19,0.4475,Develop,128.86666666666667
61,North,Oncology-A,124.02222222222223,2.3333333333333335,151.57144754472623,0.375,0.5175,0.44625,Develop,109.78333333333335
187,East,Immunology-A,152.54666666666668,2.4444444444444446,147.45814814331408,0.5325,0.36,0.44625,Develop,149.79999999999998
161,North,Oncology-A,213.40444444444444,1.4444444444444444,136.2932864290177,0.8475,0.0425,0.445,Develop,233.82333333333335
320,West,Diabetes-A,93.44333333333333,2.3333333333333335,156.49046673669798,0.165,0.7225,0.44375000000000003,Develop,112.81
386,South,Oncology-B,101.98888888888888,2.2222222222222223,155.38677256220856,0.2075,0.68,0.44375000000000003,Develop,109.93666666666667
398,South,Oncology-B,104.70777777777778,2.4444444444444446,155.036250797266,0.235,0.6525,0.44375,Develop,91.27999999999999
399,East,Immunology-A,119.29555555555557,2.5555555555555554,151.85502068456788,0.3475,0.54,0.44375,Develop,93.00666666666666
307,East,Immunology-A,139.1788888888889,2.5555555555555554,148.70876122085303,0.4775,0.4075,0.4425,Develop,153.67
44,West,Diabetes-A,108.74444444444445,2.2222222222222223,153.32655907514578,0.2675,0.6075,0.4375,Develop,135.55333333333334
344,West,Diabetes-A,121.8777777777778,2.0,151.56522160287847,0.36,0.515,0.4375,Develop,149.97333333333333
236,West,Diabetes-A,156.63444444444445,1.7777777777777777,146.1988335257964,0.5675,0.305,0.43625,Develop,181.85
232,West,Diabetes-A,117.02111111111111,2.2222222222222223,152.13944720126455,0.325,0.545,0.43500000000000005,Develop,122.62333333333333
205,North,Oncology-A,157.30555555555554,2.0,146.00887416527235,0.575,0.295,0.43499999999999994,Develop,135.96666666666667
115,East,Immunology-A,214.96555555555557,1.3333333333333333,130.76202866041587,0.86,0.0075,0.43374999999999997,Develop,264.54
266,South,Oncology-B,83.01888888888888,2.5555555555555554,158.47274945089765,0.11,0.755,0.4325,Develop,66.36666666666666
171,East,Immunology-A,209.1577777777778,1.7777777777777777,136.18720544370655,0.8275,0.0375,0.4325,Develop,223.57666666666668
28,West,Diabetes-A,75.97333333333333,2.6666666666666665,159.44001296290662,0.0775,0.785,0.43125,Develop,71.85333333333334
86,South,Oncology-B,142.8122222222222,2.0,147.37150307094896,0.495,0.3575,0.42625,Develop,139.57000000000002
325,North,Oncology-A,181.91666666666666,1.7777777777777777,141.58518030305453,0.7075,0.145,0.42625,Develop,167.14333333333335
21,North,Oncology-A,102.44555555555556,2.3333333333333335,154.3482136296141,0.2175,0.6325,0.425,Develop,102.55666666666666
267,East,Immunology-A,162.29888888888888,2.111111111111111,143.8979356190779,0.6175,0.2175,0.41750000000000004,Develop,193.12333333333333
116,West,Diabetes-A,128.75,1.8888888888888888,148.96081195878867,0.4125,0.4225,0.4175,Develop,172.26999999999998
246,South,Oncology-B,197.92111111111112,1.2222222222222223,136.24428931261434,0.785,0.04,0.41250000000000003,Develop,233.50333333333333
156,West,Diabetes-A,155.51777777777778,1.8888888888888888,145.1710146645605,0.5575,0.2675,0.4125,Develop,121.39666666666666
4,West,Diabetes-A,79.34,2.4444444444444446,157.29704414362308,0.09,0.7325,0.41125,Develop,70.20666666666666
207,East,Immunology-A,159.56333333333333,2.111111111111111,143.90995784173296,0.595,0.22,0.4075,Develop,150.50666666666666
76,West,Diabetes-A,112.55555555555556,2.111111111111111,151.63409214653683,0.2925,0.52,0.40625,Develop,99.82666666666667
377,North,Oncology-A,103.85555555555555,2.4444444444444446,152.87786988289403,0.23,0.5825,0.40625,Develop,94.95666666666666
323,East,Immunology-A,69.92,3.111111111111111,158.73786386484153,0.045,0.765,0.405,Develop,82.80666666666667
19,East,Immunology-A,91.40666666666667,3.0,154.6642493726083,0.15,0.65,0.4,Develop,37.65
211,East,Immunology-A,169.58888888888887,2.0,141.5506331366447,0.655,0.1425,0.39875,Develop,172.52333333333334
195,East,Immunology-A,165.07333333333332,2.0,141.85185548884206,0.64,0.1525,0.39625,Develop,151.49666666666667
142,South,Oncology-B,138.8122222222222,2.0,146.798245015552,0.4725,0.32,0.39625,Develop,127.22333333333334
165,North,Oncology-A,124.51444444444444,2.4444444444444446,148.7754411223789,0.3775,0.4125,0.395,Monitor,103.12666666666667
96,West,Diabetes-A,112.24333333333334,2.2222222222222223,151.24791811286164,0.29,0.5,0.395,Monitor,162.85666666666665
106,South,Oncology-B,129.69,1.7777777777777777,147.66566028638275,0.4175,0.36875,0.393125,Monitor,150.13
130,South,Oncology-B,102.35,2.2222222222222223,152.57768637312196,0.215,0.57,0.39249999999999996,Monitor,115.7
143,East,Immunology-A,127.28,2.5555555555555554,147.68045858812258,0.4075,0.375,0.39125,Monitor,120.83999999999999
245,North,Oncology-A,135.06444444444443,2.111111111111111,146.8604071137798,0.455,0.3275,0.39125,Monitor,133.5
259,East,Immunology-A,124.72,2.3333333333333335,148.6114428255667,0.38,0.4,0.39,Monitor,170.14333333333335
43,East,Immunology-A,193.20666666666668,1.6666666666666667,135.3333793910397,0.75,0.03,0.39,Monitor,218.26333333333332
24,West,Diabetes-A,139.28666666666666,2.0,146.13141429662176,0.48,0.3,0.39,Monitor,140.61333333333334
287,East,Immunology-A,96.71555555555555,2.6666666666666665,153.16389131456825,0.1775,0.595,0.38625,Monitor,84.10000000000001
283,East,Immunology-A,125.1288888888889,2.3333333333333335,147.76100686328243,0.3875,0.38,0.38375000000000004,Monitor,110.23666666666666
38,South,Oncology-B,74.45222222222222,2.3333333333333335,155.52318952698926,0.0725,0.6875,0.38,Monitor,79.68666666666667
257,North,Oncology-A,110.00333333333333,2.3333333333333335,150.42678499474607,0.28,0.4775,0.37875000000000003,Monitor,116.11666666666667
219,East,Immunology-A,113.40333333333334,2.3333333333333335,149.63611464006505,0.3,0.455,0.3775,Monitor,132.51666666666668
109,North,Oncology-A,88.04555555555555,2.4444444444444446,153.83790148899496,0.135,0.6175,0.37625000000000003,Monitor,82.84333333333332
332,West,Diabetes-A,162.61,1.5555555555555556,140.53122309651695,0.62,0.1275,0.37375,Monitor,169.04
45,North,Oncology-A,119.25888888888888,2.4444444444444446,148.61976533642903,0.345,0.4025,0.37375,Monitor,78.25
225,North,Oncology-A,100.40555555555555,2.4444444444444446,152.24836302352256,0.2,0.5475,0.37375,Monitor,91.91666666666667
324,West,Diabetes-A,79.33999999999999,2.3333333333333335,155.1545590958341,0.0875,0.6575,0.3725,Monitor,149.18666666666667
7,East,Immunology-A,118.78888888888888,2.4444444444444446,148.5617175671756,0.34,0.3975,0.36875,Monitor,153.9466666666667
36,West,Diabetes-A,141.5188888888889,1.7777777777777777,144.5769749561253,0.4925,0.24,0.36624999999999996,Monitor,144.06666666666666
337,North,Oncology-A,109.71333333333332,2.0,149.6273426326635,0.2775,0.4525,0.365,Monitor,98.15666666666668
25,North,Oncology-A,147.75666666666666,2.111111111111111,143.8457789907048,0.5125,0.21,0.36124999999999996,Monitor,132.66333333333333
361,North,Oncology-A,114.1588888888889,2.111111111111111,148.82268815881423,0.305,0.4175,0.36124999999999996,Monitor,67.21
240,West,Diabetes-A,108.5911111111111,2.0,149.54657600833525,0.265,0.45,0.35750000000000004,Monitor,147.04333333333332
35,East,Immunology-A,125.80444444444444,2.2222222222222223,146.8064739342531,0.3925,0.3225,0.35750000000000004,Monitor,142.17666666666665
150,South,Oncology-B,106.23111111111112,2.0,150.302091380973,0.24,0.47,0.355,Monitor,117.13
227,East,Immunology-A,168.16555555555556,1.7777777777777777,136.97389947448352,0.6475,0.0525,0.35,Monitor,129.02666666666667
75,East,Immunology-A,133.16222222222223,2.3333333333333335,144.95516987493093,0.44,0.26,0.35,Monitor,125.17666666666666
73,North,Oncology-A,108.1711111111111,2.111111111111111,149.30865720042507,0.2575,0.4375,0.34750000000000003,Monitor,104.04
59,East,Immunology-A,129.42555555555555,2.111111111111111,145.25788770525185,0.415,0.275,0.345,Monitor,111.36666666666667
141,North,Oncology-A,139.7688888888889,1.7777777777777777,143.69988793330376,0.4825,0.2075,0.345,Monitor,139.99333333333334
309,North,Oncology-A,174.64222222222222,1.1111111111111112,130.03409931241575,0.685,0.0025,0.34375,Monitor,224.9766666666667
319,East,Immunology-A,134.4688888888889,2.2222222222222223,144.1374104902292,0.45,0.2275,0.33875,Monitor,150.04
269,North,Oncology-A,82.77888888888889,2.5555555555555554,152.53714875383244,0.1075,0.565,0.33625,Monitor,88.64333333333333
387,East,Immunology-A,119.94999999999999,2.2222222222222223,146.62686944852737,0.355,0.315,0.33499999999999996,Monitor,103.22666666666667
327,East,Immunology-A,138.14,2.2222222222222223,143.18626765158243,0.47,0.1925,0.33125,Monitor,139.07666666666668
263,East,Immunology-A,123.61111111111111,2.111111111111111,145.80899431829138,0.37,0.29,0.32999999999999996,Monitor,167.24333333333334
357,North,Oncology-A,159.41111111111113,1.4444444444444444,137.7816206550964,0.5925,0.0625,0.3275,Monitor,160.79999999999998
174,South,Oncology-B,130.03666666666666,1.4444444444444444,144.49239438390754,0.4225,0.23,0.32625,Monitor,121.60666666666667
260,West,Diabetes-A,96.74444444444444,2.2222222222222223,149.98727726312887,0.18,0.4625,0.32125000000000004,Monitor,126.59666666666665
271,East,Immunology-A,161.79,1.3333333333333333,134.43859949259527,0.615,0.0275,0.32125,Monitor,159.13666666666666
233,North,Oncology-A,90.68333333333334,2.3333333333333335,151.09750072577037,0.1475,0.4925,0.32,Monitor,92.63666666666666
339,East,Immunology-A,161.32222222222222,1.3333333333333333,133.4874566539485,0.6075,0.0225,0.315,Monitor,171.01333333333332
197,North,Oncology-A,99.17,2.4444444444444446,149.30575249084347,0.195,0.435,0.315,Monitor,147.70666666666668
209,North,Oncology-A,71.05333333333334,2.4444444444444446,152.51351870775486,0.0575,0.5625,0.31,Monitor,74.90333333333332
349,North,Oncology-A,143.57333333333332,1.7777777777777777,140.2238325769592,0.4975,0.1175,0.3075,Monitor,167.96
175,East,Immunology-A,78.97,2.5555555555555554,151.80379833874687,0.0825,0.5325,0.3075,Monitor,80.49666666666667
34,South,Oncology-B,152.75666666666666,1.4444444444444444,138.72364898133335,0.535,0.08,0.3075,Monitor,193.95333333333335
41,North,Oncology-A,114.21333333333334,2.2222222222222223,146.1329124340142,0.3075,0.3025,0.305,Monitor,115.02999999999999
97,North,Oncology-A,132.14999999999998,1.8888888888888888,142.7364242183037,0.4325,0.1725,0.3025,Monitor,132.14333333333335
289,North,Oncology-A,66.09444444444445,2.3333333333333335,152.54663482868307,0.03,0.5675,0.29875,Monitor,85.28333333333333
157,North,Oncology-A,119.22111111111111,2.111111111111111,144.76962818330637,0.3425,0.25,0.29625,Monitor,101.98666666666666
6,South,Oncology-B,80.38333333333334,2.111111111111111,150.60748624874574,0.1025,0.485,0.29375,Monitor,118.21
351,East,Immunology-A,104.20666666666666,2.5555555555555554,147.28367156325044,0.2325,0.3525,0.2925,Monitor,90.03333333333335
216,West,Diabetes-A,70.37111111111112,2.111111111111111,151.70935893766787,0.05,0.53,0.29000000000000004,Monitor,70.94666666666667
379,East,Immunology-A,140.43444444444447,1.6666666666666667,138.90236332788933,0.4875,0.09,0.28875,Monitor,181.58333333333334
273,North,Oncology-A,125.82555555555557,1.7777777777777777,142.89239865795182,0.395,0.18,0.2875,Monitor,156.4
290,South,Oncology-B,83.69999999999999,2.111111111111111,149.40645914925685,0.1175,0.445,0.28125,Monitor,84.04666666666667
311,East,Immunology-A,84.07444444444444,2.3333333333333335,149.36581675214495,0.12,0.4425,0.28125,Monitor,87.23666666666668
277,North,Oncology-A,89.8288888888889,2.111111111111111,148.86378128493283,0.1425,0.42,0.28125,Monitor,112.44
258,South,Oncology-B,125.07777777777778,1.5555555555555556,142.81006812141442,0.385,0.175,0.28,Monitor,131.99333333333334
60,West,Diabetes-A,106.24333333333334,1.8888888888888888,146.25428620687836,0.2425,0.3075,0.275,Monitor,111.8
202,South,Oncology-B,111.64555555555555,1.7777777777777777,145.1572990864623,0.285,0.265,0.275,Monitor,154.75666666666666
159,East,Immunology-A,97.44222222222223,2.3333333333333335,147.35919338025678,0.1875,0.355,0.27125,Monitor,69.45333333333333
347,East,Immunology-A,100.79555555555555,2.4444444444444446,147.028543651212,0.205,0.335,0.27,Monitor,106.21333333333332
118,South,Oncology-B,67.22555555555556,2.111111111111111,151.3175178484703,0.035,0.5025,0.26875,Monitor,118.12666666666667
8,West,Diabetes-A,106.31555555555556,1.8888888888888888,145.52021016184375,0.245,0.285,0.265,Monitor,106.62
291,East,Immunology-A,129.93555555555557,2.111111111111111,139.8601470669602,0.42,0.1075,0.26375,Monitor,126.48666666666666
274,South,Oncology-B,67.23333333333333,2.111111111111111,150.8966863782881,0.0375,0.49,0.26375,Monitor,90.21333333333332
3,East,Immunology-A,115.96111111111112,2.2222222222222223,143.84821036068683,0.315,0.2125,0.26375,Monitor,76.06
229,North,Oncology-A,115.77333333333334,2.111111111111111,143.5122365343087,0.3125,0.205,0.25875,Monitor,97.63333333333333
194,South,Oncology-B,119.54111111111109,1.5555555555555556,142.58925476403584,0.35,0.1675,0.25875,Monitor,135.09
91,East,Immunology-A,130.89999999999998,1.8888888888888888,138.79089058845216,0.425,0.0875,0.25625,Monitor,112.75333333333333
117,North,Oncology-A,94.97999999999999,2.2222222222222223,147.08405527266098,0.17,0.34,0.255,Monitor,101.81333333333333
81,North,Oncology-A,73.85333333333334,2.3333333333333335,149.32321557088454,0.0675,0.44,0.25375000000000003,Monitor,94.0
47,East,Immunology-A,75.52333333333334,2.4444444444444446,149.1894866112676,0.075,0.4325,0.25375,Monitor,95.85333333333334
131,East,Immunology-A,60.09777777777778,2.4444444444444446,151.19985654692218,0.01,0.495,0.2525,Monitor,81.48333333333333
275,East,Immunology-A,64.92,2.5555555555555554,150.38373513929778,0.02,0.4725,0.24625,Monitor,65.98333333333333
57,North,Oncology-A,98.30888888888889,1.8888888888888888,145.9187503499836,0.19,0.2925,0.24125,Monitor,124.33333333333333
5,North,Oncology-A,98.81555555555555,2.111111111111111,145.4865398019982,0.1925,0.2825,0.2375,Monitor,98.19
52,West,Diabetes-A,87.87444444444445,1.8888888888888888,146.8409621248517,0.1325,0.325,0.22875,Monitor,77.04333333333334
182,South,Oncology-B,95.62444444444445,1.6666666666666667,145.35817114184408,0.175,0.2775,0.22625,Monitor,118.79666666666667
15,East,Immunology-A,116.05888888888889,1.8888888888888888,140.93478486769922,0.3175,0.1325,0.225,Monitor,102.65333333333335
279,East,Immunology-A,117.93333333333334,1.8888888888888888,139.86353554803637,0.335,0.11,0.2225,Monitor,110.87666666666667
375,East,Immunology-A,123.34555555555556,1.8888888888888888,138.63521480250225,0.3675,0.0775,0.2225,Monitor,164.60333333333332
315,East,Immunology-A,127.67555555555555,1.6666666666666667,135.83137065530556,0.41,0.035,0.22249999999999998,Monitor,155.69333333333333
135,East,Immunology-A,71.67777777777778,2.4444444444444446,147.95239284381356,0.06,0.3825,0.22125,Monitor,83.04
206,South,Oncology-B,80.52111111111111,1.8888888888888888,147.02316151624385,0.105,0.3325,0.21875,Monitor,52.73
241,North,Oncology-A,70.03888888888889,2.111111111111111,147.67477640809895,0.0475,0.3725,0.21,Monitor,86.37333333333333
133,North,Oncology-A,122.63777777777779,1.4444444444444444,137.20008694081076,0.3625,0.055,0.20875,Monitor,128.00666666666666
105,North,Oncology-A,108.38,1.8888888888888888,141.9973217151156,0.2625,0.155,0.20875,Monitor,72.07000000000001
128,West,Diabetes-A,93.14555555555555,2.0,144.862000424969,0.16,0.2575,0.20875,Monitor,128.39666666666668
37,North,Oncology-A,127.08333333333333,1.2222222222222223,131.93144149535453,0.405,0.01,0.20750000000000002,Monitor,139.25
265,North,Oncology-A,85.53,2.111111111111111,145.42329523352214,0.125,0.28,0.2025,Monitor,94.93333333333334
9,North,Oncology-A,86.23444444444445,2.0,144.83003795027975,0.1275,0.2525,0.19,Monitor,83.73333333333333
329,North,Oncology-A,106.59222222222223,1.7777777777777777,140.43212634865148,0.2475,0.125,0.18625,Monitor,104.03666666666668
113,North,Oncology-A,78.58333333333333,2.111111111111111,145.80806003573923,0.08,0.2875,0.18375,Monitor,92.97333333333334
367,East,Immunology-A,116.95888888888888,1.8888888888888888,136.42668031485783,0.32,0.045,0.1825,Monitor,151.35
400,West,Diabetes-A,97.16666666666667,1.7777777777777777,142.83864072367027,0.185,0.1775,0.18125,Monitor,99.84333333333332
94,South,Oncology-B,93.44,1.5555555555555556,143.20685514628653,0.1625,0.195,0.17875000000000002,Monitor,96.30666666666667
285,North,Oncology-A,79.36444444444444,1.8888888888888888,144.84235882663302,0.0925,0.255,0.17375000000000002,Monitor,97.21999999999998
296,West,Diabetes-A,107.72555555555556,1.5555555555555556,138.22337737243137,0.255,0.07,0.1625,Monitor,81.05
235,East,Immunology-A,80.08111111111111,2.3333333333333335,144.05536512763945,0.0975,0.225,0.16125,Monitor,96.95333333333333
183,East,Immunology-A,102.6,2.0,139.3675387342317,0.22,0.1,0.16,Monitor,109.29
385,North,Oncology-A,63.556666666666665,2.0,146.06350089950163,0.0175,0.2975,0.1575,Monitor,95.14
72,West,Diabetes-A,83.16222222222223,1.7777777777777777,143.42531664164363,0.1125,0.2,0.15625,Monitor,155.32666666666668
353,North,Oncology-A,83.2688888888889,1.8888888888888888,142.9928068806161,0.115,0.1875,0.15125,Monitor,96.65666666666665
83,East,Immunology-A,92.1711111111111,2.0,141.48738856816865,0.155,0.14,0.14750000000000002,Monitor,82.08999999999999
223,East,Immunology-A,102.68444444444444,1.7777777777777777,136.58399246857866,0.225,0.05,0.1375,Monitor,119.11666666666667
180,West,Diabetes-A,89.53333333333333,1.6666666666666667,140.920218233995,0.1375,0.13,0.13375,Monitor,102.12333333333333
295,East,Immunology-A,68.32222222222224,2.0,143.9920032043227,0.04,0.2225,0.13125,Monitor,48.656666666666666
234,South,Oncology-B,70.86444444444444,1.7777777777777777,143.32340018133254,0.055,0.1975,0.12625,Monitor,82.92333333333333
23,East,Immunology-A,92.17444444444443,2.0,138.749938351981,0.1575,0.085,0.12125,Monitor,120.75999999999999
14,South,Oncology-B,103.49222222222221,1.1111111111111112,132.61616395060196,0.2275,0.0125,0.12000000000000001,Monitor,94.05
363,East,Immunology-A,70.40555555555555,1.8888888888888888,142.89706591273364,0.0525,0.1825,0.1175,Monitor,119.87666666666667
136,West,Diabetes-A,86.63222222222221,1.6666666666666667,139.11724379314256,0.13,0.0925,0.11125,Monitor,104.42999999999999
121,North,Oncology-A,73.94888888888889,1.8888888888888888,141.6000373272122,0.07,0.1475,0.10875,Monitor,64.57
359,East,Immunology-A,91.51666666666667,1.7777777777777777,137.81745541780052,0.1525,0.065,0.10875,Monitor,125.42666666666666
111,East,Immunology-A,60.58888888888888,2.2222222222222223,143.49576566266848,0.0125,0.2025,0.10750000000000001,Monitor,70.22
84,West,Diabetes-A,61.85555555555556,1.6666666666666667,142.9837035184232,0.015,0.185,0.1,Monitor,84.46
176,West,Diabetes-A,72.03,1.5555555555555556,141.40570350411127,0.0625,0.135,0.09875,Monitor,98.06333333333333
2,South,Oncology-B,66.22,1.7777777777777777,142.3431864392222,0.0325,0.165,0.09875,Monitor,62.36000000000001
79,East,Immunology-A,90.41777777777777,1.6666666666666667,136.43694881490123,0.145,0.0475,0.09625,Monitor,60.839999999999996
378,South,Oncology-B,79.84555555555556,1.4444444444444444,138.57122239611857,0.095,0.075,0.08499999999999999,Monitor,101.14666666666666
238,South,Oncology-B,65.65222222222222,1.4444444444444444,139.9963120537212,0.025,0.1125,0.06875,Monitor,79.98666666666666
199,East,Immunology-A,72.22555555555556,1.7777777777777777,137.84513068134274,0.065,0.0675,0.06625,Monitor,85.66000000000001
112,West,Diabetes-A,65.66555555555556,1.5555555555555556,139.43453369162268,0.0275,0.1025,0.065,Monitor,43.026666666666664
78,South,Oncology-B,65.10222222222222,1.5555555555555556,139.77139555302935,0.0225,0.105,0.06375,Monitor,71.79666666666667
215,East,Immunology-A,79.03666666666668,1.5555555555555556,133.143645697509,0.085,0.02,0.052500000000000005,Monitor,92.73333333333333
201,North,Oncology-A,59.39444444444444,1.6666666666666667,139.18206855999244,0.0075,0.095,0.051250000000000004,Monitor,94.08333333333333
391,East,Immunology-A,50.315555555555555,1.5555555555555556,132.66969887855316,0.0025,0.015,0.008749999999999999,Monitor,95.75999999999999
71,East,Immunology-A,53.45777777777778,1.2222222222222223,130.1290159651276,0.005,0.005,0.005,Monitor,53.836666666666666
